No,자료시점,분류,분류,분류,분류,계,계,계,계,계,계,계,계,계,계,계,계,계,계,계,계,계
No,자료시점,분류,분류,분류,분류,계,기소(소계),기소(소계),기소(소계),기소(소계),소년보호송치,가정보호송치,성매매보호송치,아동보호송치,불기소(소계),불기소(소계),불기소(소계),불기소(소계),불기소(소계),기소중지,참고인중지,공소보류
No,자료시점,분류,분류,분류,분류,계,기소(소계),구공판 구속,구공판 불구속,구약식,소년보호송치,가정보호송치,성매매보호송치,아동보호송치,불기소(소계),기소유예,혐의없음,죄가안됨,공소권없음,기소중지,참고인중지,공소보류
No,자료시점,분류,분류,분류,분류,원자료,원자료,원자료,원자료,원자료,원자료,원자료,원자료,원자료,원자료,원자료,원자료,원자료,원자료,원자료,원자료,원자료
1,2018년,계,계[입력치],계[입력치],계[입력치],"1,755,435","704,758","26,021","160,150","518,587","23,544","19,589",459,"2,782","893,943","268,731","293,558","3,666","327,988","104,930","5,430",0
2,2018년,형법범,형법범계[입력치],형법범계[입력치],형법범계[입력치],"958,949","286,161","19,759","98,863","167,539","19,986","19,487",3,372,"552,628","181,775","212,361","3,382","155,110","75,967","4,345",0
3,2018년,형법범,재산범죄,재산범죄의 계[입력치],재산범죄의 계[입력치],"453,680","125,334","11,114","50,173","64,047","11,018","1,664",0,3,"247,815","111,385","127,404",367,"8,659","64,383","3,463",0
4,2018년,형법범,재산범죄,절도,절도의 소계[입력치],"97,238","32,710","4,311","9,329","19,070","7,514",1,0,0,"54,718","41,799","11,571",72,"1,276","2,195",100,0
5,2018년,형법범,재산범죄,절도,불법사용,664,123,4,27,92,167,0,0,0,357,249,91,4,13,16,1,0
6,2018년,형법범,재산범죄,절도,절도,"93,604","30,688","3,659","8,158","18,871","7,230",1,0,0,"53,472","40,924","11,359",66,"1,123","2,114",99,0
7,2018년,형법범,재산범죄,절도,침입절도,"2,970","1,899",648,"1,144",107,117,0,0,0,889,626,121,2,140,65,0,0
8,2018년,형법범,재산범죄,사기,사기의 소계[입력치],"278,907","70,997","6,196","34,889","29,912","2,732",0,0,1,"143,344","45,896","91,813",23,"5,612","58,848","2,985",0
9,2018년,형법범,재산범죄,사기,보험사기방지특별법,"5,966","2,418",90,624,"1,704",31,0,0,0,"3,091","1,983","1,082",0,26,424,2,0
10,2018년,형법범,재산범죄,사기,부당이득,61,9,1,6,2,0,0,0,0,51,0,50,0,1,1,0,0
11,2018년,형법범,재산범죄,사기,사기,"267,113","67,087","6,018","33,762","27,307","2,657",0,0,1,"137,529","42,214","89,774",21,"5,520","56,885","2,954",0
12,2018년,형법범,재산범죄,사기,전기통신금융사기피해금환급에관한특별법,"2,502",401,46,173,182,0,0,0,0,"1,223",908,299,0,16,872,6,0
13,2018년,형법범,재산범죄,사기,컴퓨터등사용사기,"2,383",744,40,310,394,42,0,0,0,"1,019",600,384,2,33,564,14,0
14,2018년,형법범,재산범죄,사기,편의시설부정이용,882,338,1,14,323,2,0,0,0,431,191,224,0,16,102,9,0
15,2018년,형법범,재산범죄,배임,배임의 소계[입력치],"6,781","1,522",78,989,455,0,0,0,0,"4,906",354,"4,372",0,180,261,92,0
16,2018년,형법범,재산범죄,배임,배임,"5,676","1,029",36,656,337,0,0,0,0,"4,332",211,"3,975",0,146,245,70,0
17,2018년,형법범,재산범죄,배임,배임수재,804,337,36,224,77,0,0,0,0,447,119,300,0,28,10,10,0
18,2018년,형법범,재산범죄,배임,배임증재,301,156,6,109,41,0,0,0,0,127,24,97,0,6,6,12,0
19,2018년,형법범,재산범죄,손괴,손괴의 소계[입력치],"36,194","11,202",196,"1,921","9,085",271,"1,663",0,2,"22,074","14,170","6,704",266,934,964,18,0
20,2018년,형법범,재산범죄,손괴,손괴,"36,191","11,199",196,"1,918","9,085",271,"1,663",0,2,"22,074","14,170","6,704",266,934,964,18,0
21,2018년,형법범,재산범죄,손괴,손괴치사,0,0,0,0,0,0,0,0,0,0,0,0,0,0,0,0,0
22,2018년,형법범,재산범죄,손괴,손괴치상,3,3,0,3,0,0,0,0,0,0,0,0,0,0,0,0,0
23,2018년,형법범,재산범죄,장물,장물,"1,698",495,42,135,318,109,0,0,0,"1,044",646,371,1,26,38,12,0
24,2018년,형법범,재산범죄,횡령,횡령,"32,862","8,408",291,"2,910","5,207",392,0,0,0,"21,729","8,520","12,573",5,631,"2,077",256,0
25,2018년,형법범,강력범죄(흉악),강력범죄(흉악)의 계[입력치],강력범죄(흉악)의 계[입력치],"34,317","16,556","3,208","9,108","4,240","1,369",54,2,30,"15,241","5,647","8,909",54,631,"1,011",54,0
26,2018년,형법범,강력범죄(흉악),살인,살인의 소계[입력치],859,668,575,86,7,2,2,0,1,163,27,77,1,58,23,0,0
27,2018년,형법범,강력범죄(흉악),살인,살인(기수),347,253,217,36,0,2,0,0,0,76,2,34,0,40,16,0,0
28,2018년,형법범,강력범죄(흉악),살인,"살인(미수, 예비, 음모, 방조)",512,415,358,50,7,0,2,0,1,87,25,43,1,18,7,0,0
29,2018년,형법범,강력범죄(흉악),강도,강도의 소계[입력치],"1,139",807,501,267,39,71,0,0,0,209,39,133,1,36,46,6,0
30,2018년,형법범,강력범죄(흉악),강도,강도,696,476,275,178,23,37,0,0,0,150,31,96,0,23,33,0,0
31,2018년,형법범,강력범죄(흉악),강도,강도강간/강제추행,14,12,8,4,0,0,0,0,0,1,0,0,0,1,0,1,0
32,2018년,형법범,강력범죄(흉악),강도,강도살인,26,21,19,2,0,0,0,0,0,0,0,0,0,0,3,2,0
33,2018년,형법범,강력범죄(흉악),강도,강도상해,381,278,183,80,15,34,0,0,0,56,8,35,1,12,10,3,0
34,2018년,형법범,강력범죄(흉악),강도,강도치사,6,6,6,0,0,0,0,0,0,0,0,0,0,0,0,0,0
35,2018년,형법범,강력범죄(흉악),강도,강도치상,16,14,10,3,1,0,0,0,0,2,0,2,0,0,0,0,0
36,2018년,형법범,강력범죄(흉악),방화,방화의 소계[입력치],"1,306",706,260,388,58,49,14,0,0,525,340,140,1,44,12,0,0
37,2018년,형법범,강력범죄(흉악),방화,방화치사,16,8,8,0,0,0,0,0,0,8,1,1,0,6,0,0,0
38,2018년,형법범,강력범죄(흉악),방화,방화치상,18,13,9,4,0,0,0,0,0,4,0,1,0,3,1,0,0
39,2018년,형법범,강력범죄(흉악),방화,일반방화,"1,272",685,243,384,58,49,14,0,0,513,339,138,1,35,11,0,0
40,2018년,형법범,강력범죄(흉악),성폭력,성폭력의 소계[입력치],"31,013","14,375","1,872","8,367","4,136","1,247",38,2,29,"14,344","5,241","8,559",51,493,930,48,0
41,2018년,형법범,강력범죄(흉악),성폭력,간음,348,141,62,73,6,19,0,1,0,151,6,137,2,6,35,1,0
42,2018년,형법범,강력범죄(흉악),성폭력,강간,"5,590","2,307",743,"1,424",140,209,21,0,1,"2,860",147,"2,626",4,83,176,16,0
43,2018년,형법범,강력범죄(흉악),성폭력,"강간등(강간,준강간,간음,강제추행,준강제추행)",244,139,53,78,8,11,0,0,0,87,8,67,1,11,6,1,0
44,2018년,형법범,강력범죄(흉악),성폭력,강간등살인,6,5,5,0,0,0,0,0,0,1,0,0,0,1,0,0,0
45,2018년,형법범,강력범죄(흉악),성폭력,강간등상해,209,168,110,49,9,2,1,0,0,32,4,23,0,5,6,0,0
46,2018년,형법범,강력범죄(흉악),성폭력,강간등치사,5,5,4,1,0,0,0,0,0,0,0,0,0,0,0,0,0
47,2018년,형법범,강력범죄(흉악),성폭력,강간등치상,427,282,118,141,23,5,2,0,0,130,23,100,0,7,8,0,0
48,2018년,형법범,강력범죄(흉악),성폭력,강제추행,"15,404","7,241",478,"4,475","2,288",387,13,0,27,"7,379","3,045","3,996",34,304,331,26,0
49,2018년,형법범,강력범죄(흉악),성폭력,공중밀집장소 추행,"1,476",724,37,324,363,21,0,0,0,707,394,300,0,13,22,2,0
50,2018년,형법범,강력범죄(흉악),성폭력,성적목적의 장소침입,589,247,19,120,108,45,0,0,0,279,114,160,2,3,18,0,0
51,2018년,형법범,강력범죄(흉악),성폭력,카메라등 이용촬영,"5,245","2,458",200,"1,475",783,455,1,1,1,"2,103","1,138",917,3,45,224,2,0
52,2018년,형법범,강력범죄(흉악),성폭력,통신매체 이용음란,"1,419",618,12,198,408,93,0,0,0,605,358,231,5,11,103,0,0
53,2018년,형법범,강력범죄(흉악),성폭력,특수강도강간등,51,40,31,9,0,0,0,0,0,10,4,2,0,4,1,0,0
54,2018년,형법범,강력범죄(폭력),강력범죄(폭력)의 계[입력치],강력범죄(폭력)의 계[입력치],"310,843","83,309","2,860","19,937","60,512","6,512","17,721",1,319,"198,961","38,835","26,773","1,751","131,602","3,731",289,0
55,2018년,형법범,강력범죄(폭력),폭행,폭행의 소계[입력치],"217,995","42,812",541,"7,164","35,107","2,606","13,214",1,259,"157,540","17,452","13,822","1,176","125,090","1,400",163,0
56,2018년,형법범,강력범죄(폭력),폭행,폭행,"215,886","41,865",497,"6,934","34,434","2,572","13,076",1,258,"156,576","16,837","13,629","1,152","124,958","1,380",158,0
57,2018년,형법범,강력범죄(폭력),폭행,폭행치사,81,60,34,26,0,0,0,0,0,17,1,8,0,8,4,0,0
58,2018년,형법범,강력범죄(폭력),폭행,폭행치상,"2,028",887,10,204,673,34,138,0,1,947,614,185,24,124,16,5,0
59,2018년,형법범,강력범죄(폭력),상해,상해의 소계[입력치],"62,705","30,956","1,358","9,785","19,813","2,333","2,653",0,32,"25,709","16,979","5,439",459,"2,832",960,62,0
60,2018년,형법범,강력범죄(폭력),상해,상해,"62,627","30,892","1,311","9,769","19,812","2,333","2,653",0,32,"25,700","16,978","5,432",459,"2,831",955,62,0
61,2018년,형법범,강력범죄(폭력),상해,상해치사,78,64,47,16,1,0,0,0,0,9,1,7,0,1,5,0,0
62,2018년,형법범,강력범죄(폭력),약취와 유인,악취와 유인의 소계[입력치],245,88,38,44,6,2,0,0,0,144,35,106,2,1,10,1,0
63,2018년,형법범,강력범죄(폭력),약취와 유인,국외이송,0,0,0,0,0,0,0,0,0,0,0,0,0,0,0,0,0
64,2018년,형법범,강력범죄(폭력),약취와 유인,부녀매매,0,0,0,0,0,0,0,0,0,0,0,0,0,0,0,0,0
65,2018년,형법범,강력범죄(폭력),약취와 유인,수수/은닉,0,0,0,0,0,0,0,0,0,0,0,0,0,0,0,0,0
66,2018년,형법범,강력범죄(폭력),약취와 유인,약취/유인,240,84,37,42,5,2,0,0,0,143,34,106,2,1,10,1,0
67,2018년,형법범,강력범죄(폭력),약취와 유인,"약취와유인상해,치상,살인,치사",1,0,0,0,0,0,0,0,0,1,1,0,0,0,0,0,0
68,2018년,형법범,강력범죄(폭력),약취와 유인,인신매매,4,4,1,2,1,0,0,0,0,0,0,0,0,0,0,0,0
69,2018년,형법범,강력범죄(폭력),체포와 감금,체포와 감금의 소계[입력치],"2,198",658,122,262,274,102,42,0,0,"1,337",257,992,25,63,50,9,0
70,2018년,형법범,강력범죄(폭력),체포와 감금,감금,"1,975",563,80,222,261,80,39,0,0,"1,245",229,938,20,58,39,9,0
71,2018년,형법범,강력범죄(폭력),체포와 감금,감금치사,7,1,1,0,0,0,0,0,0,6,0,2,0,4,0,0,0
72,2018년,형법범,강력범죄(폭력),체포와 감금,감금치상,130,76,39,33,4,10,1,0,0,38,20,15,3,0,5,0,0
73,2018년,형법범,강력범죄(폭력),체포와 감금,체포,73,15,2,4,9,12,2,0,0,40,8,29,2,1,4,0,0
74,2018년,형법범,강력범죄(폭력),체포와 감금,체포치사,0,0,0,0,0,0,0,0,0,0,0,0,0,0,0,0,0
75,2018년,형법범,강력범죄(폭력),체포와 감금,체포치상,13,3,0,3,0,0,0,0,0,8,0,8,0,0,2,0,0
76,2018년,형법범,강력범죄(폭력),공갈,공갈,"6,105","1,480",286,680,514,"1,050",4,0,1,"2,563","1,099","1,366",7,91,973,34,0
77,2018년,형법범,강력범죄(폭력),"폭력행위등(단체등의구성,활동)","폭력행위등(단체등의구성,활동)",753,385,100,254,31,18,0,0,0,322,49,224,4,45,27,1,0
78,2018년,형법범,강력범죄(폭력),"폭력행위등(손괴,강요,주거침입등)","폭력행위등(손괴,강요,주거침입등)","2,515",675,5,133,537,193,2,0,0,"1,606",713,810,45,38,38,1,0
79,2018년,형법범,강력범죄(폭력),협박,협박,"18,327","6,255",410,"1,615","4,230",208,"1,806",0,27,"9,740","2,251","4,014",33,"3,442",273,18,0
80,2018년,형법범,위조범죄,위조범죄의 계[입력치],위조범죄의 계[입력치],"16,013","4,271",336,"1,971","1,964",437,0,0,0,"9,911","2,577","6,519",9,806,"1,223",171,0
81,2018년,형법범,위조범죄,문서,문서,"14,269","3,992",314,"1,753","1,925",424,0,0,0,"8,879","2,088","6,253",9,529,818,156,0
82,2018년,형법범,위조범죄,유가증권인지우표,유가증권인지우표,267,53,2,41,10,6,0,0,0,180,21,119,0,40,22,6,0
83,2018년,형법범,위조범죄,인장,인장,461,192,8,158,26,3,0,0,0,220,88,121,0,11,39,7,0
84,2018년,형법범,위조범죄,통화,통화,"1,016",34,12,19,3,4,0,0,0,632,380,26,0,226,344,2,0
85,2018년,형법범,공무원범죄,공무원범죄의 계[입력치],공무원범죄의 계[입력치],"3,446",740,173,456,111,0,0,0,0,"2,648",303,"2,262",18,65,40,18,0
86,2018년,형법범,공무원범죄,수뢰,수뢰,944,433,132,245,56,0,0,0,0,493,206,271,2,14,9,9,0
87,2018년,형법범,공무원범죄,증뢰,증뢰,377,211,32,143,36,0,0,0,0,162,64,94,0,4,4,0,0
88,2018년,형법범,공무원범죄,직권남용,직권남용,"1,232",83,8,62,13,0,0,0,0,"1,122",33,"1,048",16,25,18,9,0
89,2018년,형법범,공무원범죄,직무유기,직무유기,893,13,1,6,6,0,0,0,0,871,0,849,0,22,9,0,0
90,2018년,형법범,풍속범죄,풍속범죄의 계[입력치],풍속범죄의 계[입력치],"21,840","9,832",415,"1,313","8,104",50,0,0,0,"11,241","8,652","2,018",409,162,666,51,0
91,2018년,형법범,풍속범죄,도박과 복표,도박과 복표의 소계[입력치],"18,895","8,424",371,921,"7,132",16,0,0,0,"9,875","8,102","1,374",255,144,530,50,0
92,2018년,형법범,풍속범죄,도박과 복표,도박,"18,895","8,424",371,921,"7,132",16,0,0,0,"9,875","8,102","1,374",255,144,530,50,0
93,2018년,형법범,풍속범죄,도박과 복표,복표,0,0,0,0,0,0,0,0,0,0,0,0,0,0,0,0,0
94,2018년,형법범,풍속범죄,공연음란,공연음란,"2,154","1,227",41,334,852,34,0,0,0,772,479,264,16,13,120,1,0
95,2018년,형법범,풍속범죄,신앙,신앙,791,181,3,58,120,0,0,0,0,594,71,380,138,5,16,0,0
96,2018년,형법범,과실범죄,과실범죄의 계[입력치],과실범죄의 계[입력치],"9,617","3,413",30,913,"2,470",25,7,0,2,"5,752","2,081","2,063",16,"1,592",405,13,0
97,2018년,형법범,과실범죄,과실치사상,과실치사상의 소계[입력치],"2,788",696,4,47,645,11,7,0,2,"2,022",102,395,14,"1,511",50,0,0
98,2018년,형법범,과실범죄,과실치사상,과실치사,49,20,3,13,4,0,0,0,0,25,6,19,0,0,4,0,0
99,2018년,형법범,과실범죄,과실치사상,과실치상,"2,739",676,1,34,641,11,7,0,2,"1,997",96,376,14,"1,511",46,0,0
100,2018년,형법범,과실범죄,업무상과실치사상,업무상과실치사상의 소계[입력치],"4,887","2,203",23,799,"1,381",3,0,0,0,"2,353",783,"1,501",1,68,316,12,0
101,2018년,형법범,과실범죄,업무상과실치사상,업무상과실치사,"1,804","1,167",22,535,610,0,0,0,0,507,103,385,0,19,130,0,0
102,2018년,형법범,과실범죄,업무상과실치사상,업무상과실치상,"3,083","1,036",1,264,771,3,0,0,0,"1,846",680,"1,116",1,49,186,12,0
103,2018년,형법범,과실범죄,실화,실화,"1,942",514,3,67,444,11,0,0,0,"1,377","1,196",167,1,13,39,1,0
104,2018년,형법범,기타형법범죄,기타형법범죄의 계[입력치],기타형법범죄의 계[입력치],"109,193","42,706","1,623","14,992","26,091",575,41,0,18,"61,059","12,295","36,413",758,"11,593","4,508",286,0
105,2018년,형법범,기타형법범죄,유기,유기의 소계[입력치],211,51,5,45,1,0,1,0,18,137,22,109,0,6,4,0,0
106,2018년,형법범,기타형법범죄,유기,유기,178,40,0,39,1,0,1,0,18,119,20,94,0,5,0,0,0
107,2018년,형법범,기타형법범죄,유기,유기치사,31,11,5,6,0,0,0,0,0,16,2,13,0,1,4,0,0
108,2018년,형법범,기타형법범죄,유기,유기치상,2,0,0,0,0,0,0,0,0,2,0,2,0,0,0,0,0
109,2018년,형법범,기타형법범죄,공무방해,공무방해의 소계[입력치],"12,144","10,252",754,"7,939","1,559",99,0,0,0,"1,642",431,"1,076",11,124,146,5,0
110,2018년,형법범,기타형법범죄,공무방해,공무방해,"12,003","10,137",709,"7,872","1,556",96,0,0,0,"1,621",424,"1,065",11,121,144,5,0
111,2018년,형법범,기타형법범죄,공무방해,공무방해치사,0,0,0,0,0,0,0,0,0,0,0,0,0,0,0,0,0
112,2018년,형법범,기타형법범죄,공무방해,공무방해치상,141,115,45,67,3,3,0,0,0,21,7,11,0,3,2,0,0
113,2018년,형법범,기타형법범죄,공안을해하는죄,공안을해하는죄,268,205,70,126,9,0,0,0,0,33,4,26,1,2,30,0,0
114,2018년,형법범,기타형법범죄,교통방해,교통방해,"1,508",576,6,78,492,1,0,0,0,903,271,615,2,15,28,0,0
115,2018년,형법범,기타형법범죄,권리행사방해,권리행사방해,"14,257","2,485",22,808,"1,655",46,5,0,0,"9,512",441,"8,740",17,314,"2,045",164,0
116,2018년,형법범,기타형법범죄,내란의죄,내란의죄,9,0,0,0,0,0,0,0,0,1,0,1,0,0,2,6,0
117,2018년,형법범,기타형법범죄,도주와범인은닉,도주와범인은닉,629,437,43,219,175,7,0,0,0,176,46,107,19,4,5,4,0
118,2018년,형법범,기타형법범죄,명예,명예,"32,394","9,065",23,470,"8,572",193,5,0,0,"21,541","1,910","8,998",454,"10,179","1,576",14,0
119,2018년,형법범,기타형법범죄,무고,무고,"5,482","1,446",60,712,674,5,0,0,0,"3,932",41,"3,826",7,58,80,19,0
120,2018년,형법범,기타형법범죄,비밀침해,비밀침해,91,18,0,1,17,0,0,0,0,72,6,39,1,26,1,0,0
121,2018년,형법범,기타형법범죄,신용업무경매,신용업무경매,"27,107","12,651",474,"3,239","8,938",48,4,0,0,"14,007","5,460","7,888",89,570,349,48,0
122,2018년,형법범,기타형법범죄,위증과증거인멸,위증과증거인멸,"3,051","1,181",17,604,560,3,0,0,0,"1,798",24,"1,728",1,45,56,13,0
123,2018년,형법범,기타형법범죄,음용수에관한죄,음용수에관한죄,22,1,0,0,1,0,0,0,0,21,3,18,0,0,0,0,0
124,2018년,형법범,기타형법범죄,일수와수리에관한죄,일수와수리에관한죄,9,4,0,0,4,0,0,0,0,5,0,5,0,0,0,0,0
125,2018년,형법범,기타형법범죄,주거침입,주거침입,"11,935","4,320",149,737,"3,434",173,26,0,0,"7,220","3,618","3,206",153,243,183,13,0
126,2018년,형법범,기타형법범죄,기타,기타,76,14,0,14,0,0,0,0,0,59,18,31,3,7,3,0,0
127,2018년,특별법범,특별법범의 계[입력치],특별법범의 계[입력치],특별법범의 계[입력치],"796,486","418,597","6,262","61,287","351,048","3,558",102,456,"2,410","341,315","86,956","81,197",284,"172,878","28,963","1,085",0
128,2018년,특별법범,가정폭력범죄의처벌등에관한특례법,가정폭력범죄의처벌등에관한특례법,가정폭력범죄의처벌등에관한특례법,296,194,16,49,129,0,22,0,0,78,27,23,0,28,2,0,0
129,2018년,특별법범,가축분뇨의관리및이용에관한법률,가축분뇨의관리및이용에관한법률,가축분뇨의관리및이용에관한법률,"1,041",751,1,35,715,0,0,0,0,286,174,107,0,5,4,0,0
130,2018년,특별법범,감염병의예방및관리에관한법률,감염병의예방및관리에관한법률,감염병의예방및관리에관한법률,197,90,1,0,89,0,0,0,0,105,74,31,0,0,2,0,0
131,2018년,특별법범,개발제한구역의지정및관리에관한특별조치법,개발제한구역의지정및관리에관한특별조치법,개발제한구역의지정및관리에관한특별조치법,"1,299",912,0,82,830,0,0,0,0,381,112,243,0,26,5,1,0
132,2018년,특별법범,개인정보보호법,개인정보보호법,개인정보보호법,"1,865",394,12,55,327,0,0,0,0,"1,407",199,"1,177",14,17,53,11,0
133,2018년,특별법범,건강기능식품에관한법률,건강기능식품에관한법률,건강기능식품에관한법률,422,160,1,3,156,0,0,0,0,261,193,65,0,3,1,0,0
134,2018년,특별법범,건설기계관리법,건설기계관리법,건설기계관리법,661,365,0,10,355,0,0,0,0,292,82,199,0,11,4,0,0
135,2018년,특별법범,건설산업기본법,건설산업기본법,건설산업기본법,"3,052","2,145",2,198,"1,945",0,0,0,0,875,185,631,1,58,20,12,0
136,2018년,특별법범,건축법,건축법,건축법,"5,138","2,929",2,82,"2,845",0,0,0,0,"2,200","1,018",890,1,291,9,0,0
137,2018년,특별법범,게임산업진흥에관한법률,게임산업진흥에관한법률,게임산업진흥에관한법률,"7,361","4,101",230,"1,478","2,393",8,0,0,0,"3,030","1,608","1,363",0,59,182,40,0
138,2018년,특별법범,결혼중개업의관리에관한법률,결혼중개업의관리에관한법률,결혼중개업의관리에관한법률,145,70,0,3,67,0,0,0,0,69,22,45,1,1,6,0,0
139,2018년,특별법범,경범죄처벌법,경범죄처벌법,경범죄처벌법,"6,586","4,333",19,159,"4,155",30,0,0,1,"2,073","1,060",720,7,286,147,2,0
140,2018년,특별법범,고용보험법,고용보험법,고용보험법,"2,966","1,727",0,23,"1,704",0,0,0,0,"1,233","1,071",150,0,12,6,0,0
141,2018년,특별법범,공유수면관리및매립에관한법률,공유수면관리및매립에관한법률,공유수면관리및매립에관한법률,281,202,0,3,199,0,0,0,0,76,41,32,0,3,2,1,0
142,2018년,특별법범,공유재산및물품관리법,공유재산및물품관리법,공유재산및물품관리법,79,46,0,6,40,0,0,0,0,32,12,18,0,2,1,0,0
143,2018년,특별법범,공인중개사법,공인중개사법,공인중개사법,"1,616",724,3,60,661,0,0,0,0,880,205,654,0,21,11,1,0
144,2018년,특별법범,공중위생관리법,공중위생관리법,공중위생관리법,"1,784","1,271",0,43,"1,228",0,0,0,0,499,304,129,0,66,12,2,0
145,2018년,특별법범,공직선거법,공직선거법,공직선거법,"2,565","1,424",55,"1,362",7,1,0,0,0,"1,106",216,823,16,51,34,0,0
146,2018년,특별법범,관세법,관세법,관세법,969,624,30,247,347,0,0,0,0,294,120,145,2,27,38,13,0
147,2018년,특별법범,교통사고처리특례법,교통사고처리특례법,교통사고처리특례법,"197,743","54,785",163,"8,386","46,236",552,0,0,0,"140,374","5,089","3,247",25,"132,013","2,019",13,0
148,2018년,특별법범,국가기술자격법,국가기술자격법,국가기술자격법,173,128,0,14,114,0,0,0,0,43,10,32,0,1,2,0,0
149,2018년,특별법범,국가보안법,국가보안법,국가보안법,40,9,4,5,0,0,0,0,0,26,5,18,0,3,5,0,0
150,2018년,특별법범,국민체육진흥법,국민체육진흥법,국민체육진흥법,393,199,19,49,131,3,0,0,0,134,90,32,0,12,47,10,0
151,2018년,특별법범,국토의계획및이용에관한법률,국토의계획및이용에관한법률,국토의계획및이용에관한법률,"1,552",982,3,107,872,1,0,0,0,558,171,326,0,61,9,2,0
152,2018년,특별법범,근로기준법,근로기준법,근로기준법,"41,008","20,364",23,"2,099","18,242",0,0,0,0,"15,591","2,715","1,832",3,"11,041","4,981",72,0
153,2018년,특별법범,근로자퇴직급여보장법,근로자퇴직급여보장법,근로자퇴직급여보장법,"9,095","4,669",2,832,"3,835",0,0,0,0,"3,886",282,244,4,"3,356",538,2,0
154,2018년,특별법범,낚시관리및육성법,낚시관리및육성법,낚시관리및육성법,222,185,0,3,182,0,0,0,0,37,18,18,0,1,0,0,0
155,2018년,특별법범,노동조합및노동관계조정법,노동조합및노동관계조정법,노동조합및노동관계조정법,"1,117",127,0,47,80,0,0,0,0,986,90,882,3,11,4,0,0
156,2018년,특별법범,농수산물유통및가격안정에관한법률,농수산물유통및가격안정에관한법률,농수산물유통및가격안정에관한법률,46,26,0,2,24,0,0,0,0,19,7,12,0,0,1,0,0
157,2018년,특별법범,농수산물의원산지표시에관한법률,농수산물의원산지표시에관한법률,농수산물의원산지표시에관한법률,"3,055","2,439",11,61,"2,367",0,0,0,0,615,459,152,0,4,1,0,0
158,2018년,특별법범,농지법,농지법,농지법,"1,072",511,1,74,436,0,0,0,0,556,110,273,0,173,4,1,0
159,2018년,특별법범,대기환경보전법,대기환경보전법,대기환경보전법,"3,938","2,948",1,59,"2,888",0,0,0,0,989,568,407,0,14,1,0,0
160,2018년,특별법범,대부업등의등록및금융이용자보호에관한법률,대부업등의등록및금융이용자보호에관한법률,대부업등의등록및금융이용자보호에관한법률,"2,291","1,446",49,336,"1,061",1,0,0,0,680,323,322,0,35,156,8,0
161,2018년,특별법범,도로교통법,도로교통법,도로교통법,"15,665","7,002",14,515,"6,473",243,0,0,0,"7,773","3,357","1,541",8,"2,867",639,8,0
162,2018년,특별법범,도로교통법(무면허운전),도로교통법(무면허운전),도로교통법(무면허운전),"25,628","19,030",68,"2,331","16,631","1,237",0,0,0,"4,993","2,981","1,769",6,237,363,5,0
163,2018년,특별법범,도로교통법(사고후미조치),도로교통법(사고후미조치),도로교통법(사고후미조치),"15,383","5,526",23,629,"4,874",83,0,0,0,"8,039","2,792","4,907",10,330,"1,733",2,0
164,2018년,특별법범,도로교통법(음주운전),도로교통법(음주운전),도로교통법(음주운전),"141,104","135,298",449,"13,748","121,101",222,0,0,0,"5,136","2,619","2,141",15,361,443,5,0
165,2018년,특별법범,도로교통법(음주측정거부),도로교통법(음주측정거부),도로교통법(음주측정거부),"2,805","2,648",35,795,"1,818",2,0,0,0,143,26,105,2,10,12,0,0
166,2018년,특별법범,도로법,도로법,도로법,"2,677","1,305",1,6,"1,298",0,0,0,0,"1,358",445,888,0,25,12,2,0
167,2018년,특별법범,도시및주거환경정비법,도시및주거환경정비법,도시및주거환경정비법,605,130,1,21,108,0,0,0,0,475,25,441,0,9,0,0,0
168,2018년,특별법범,독점규제및공정거래에관한법률,독점규제및공정거래에관한법률,독점규제및공정거래에관한법률,160,141,1,103,37,0,0,0,0,19,0,10,0,9,0,0,0
169,2018년,특별법범,디자인보호법,디자인보호법,디자인보호법,321,36,0,7,29,0,0,0,0,270,2,173,0,95,15,0,0
170,2018년,특별법범,마약류관리에관한법률(대마),마약류관리에관한법률(대마),마약류관리에관한법률(대마),"1,175",674,239,399,36,1,0,0,0,438,271,155,0,12,58,4,0
171,2018년,특별법범,마약류관리에관한법률(마약),마약류관리에관한법률(마약),마약류관리에관한법률(마약),"1,308",119,32,28,59,0,0,0,0,"1,176","1,087",84,0,5,12,1,0
172,2018년,특별법범,마약류관리에관한법률(향정),마약류관리에관한법률(향정),마약류관리에관한법률(향정),"6,438","3,950","1,954","1,782",214,9,0,0,0,"2,062",964,"1,007",0,91,383,34,0
173,2018년,특별법범,배타적경제수역에서의외국인어업등에관한주권적권리의행사에관한법률,배타적경제수역에서의외국인어업등에관한주권적권리의행사에관한법률,배타적경제수역에서의외국인어업등에관한주권적권리의행사에관한법률,234,231,19,0,212,0,0,0,0,2,1,0,0,1,1,0,0
174,2018년,특별법범,범죄수익은닉의규제및처벌등에관한법률,범죄수익은닉의규제및처벌등에관한법률,범죄수익은닉의규제및처벌등에관한법률,331,254,112,131,11,0,0,0,0,60,4,52,0,4,12,5,0
175,2018년,특별법범,변호사법,변호사법,변호사법,654,335,84,170,81,0,0,0,0,279,21,242,0,16,29,11,0
176,2018년,특별법범,병역법,병역법,병역법,"7,270","4,915",19,858,"4,038",0,0,0,0,"1,584","1,169",254,0,161,771,0,0
177,2018년,특별법범,보조금관리에관한법률,보조금관리에관한법률,보조금관리에관한법률,666,260,6,93,161,0,0,0,0,402,215,175,0,12,4,0,0
178,2018년,특별법범,부동산실권리자명의등기에관한법률,부동산실권리자명의등기에관한법률,부동산실권리자명의등기에관한법률,878,329,2,85,242,0,0,0,0,542,38,355,1,148,5,2,0
179,2018년,특별법범,부정경쟁방지및영업비밀보호에관한법률,부정경쟁방지및영업비밀보호에관한법률,부정경쟁방지및영업비밀보호에관한법률,855,175,18,76,81,0,0,0,0,644,58,570,0,16,32,4,0
180,2018년,특별법범,부정수표단속법,부정수표단속법,부정수표단속법,"1,021",353,11,178,164,1,0,0,0,599,21,190,0,388,56,12,0
181,2018년,특별법범,사행행위등규제및처벌특례법,사행행위등규제및처벌특례법,사행행위등규제및처벌특례법,415,326,31,114,181,0,0,0,0,71,35,22,0,14,18,0,0
182,2018년,특별법범,산림자원의조성및관리에관한법률,산림자원의조성및관리에관한법률,산림자원의조성및관리에관한법률,787,392,3,42,347,0,0,0,0,361,261,92,2,6,31,3,0
183,2018년,특별법범,산업안전보건법,산업안전보건법,산업안전보건법,"12,317","9,976",1,667,"9,308",0,0,0,0,"2,267","1,022","1,198",0,47,73,1,0
184,2018년,특별법범,산지관리법,산지관리법,산지관리법,"2,565","1,624",2,205,"1,417",0,0,0,0,926,440,303,1,182,15,0,0
185,2018년,특별법범,상표법,상표법,상표법,"3,360","1,618",33,141,"1,444",1,0,0,0,"1,652",803,828,0,21,79,10,0
186,2018년,특별법범,석유및석유대체연료사업법,석유및석유대체연료사업법,석유및석유대체연료사업법,974,478,12,103,363,0,0,0,0,481,146,309,0,26,12,3,0
187,2018년,특별법범,선박안전법,선박안전법,선박안전법,289,191,0,6,185,0,0,0,0,96,49,44,2,1,2,0,0
188,2018년,특별법범,선박직원법,선박직원법,선박직원법,184,141,0,2,139,0,0,0,0,41,32,9,0,0,2,0,0
189,2018년,특별법범,성매매알선등행위의처벌에관한법률,성매매알선등행위의처벌에관한법률,성매매알선등행위의처벌에관한법률,"14,507","5,317",278,"2,043","2,996",33,3,455,0,"8,223","5,964","1,958",3,298,420,56,0
190,2018년,특별법범,화재예방·소방시설설치유지및안전관리에관한법률,화재예방·소방시설설치유지및안전관리에관한법률,화재예방·소방시설설치유지및안전관리에관한법률,578,255,3,20,232,0,0,0,0,322,264,53,0,5,1,0,0
191,2018년,특별법범,수도법,수도법,수도법,184,88,0,3,85,0,0,0,0,96,67,26,0,3,0,0,0
192,2018년,특별법범,수산업법,수산업법,수산업법,"1,328","1,041",12,115,914,0,0,0,0,276,122,114,0,40,10,1,0
193,2018년,특별법범,수산자원관리법,수산자원관리법,수산자원관리법,"1,222",965,23,92,850,0,0,0,0,247,166,72,0,9,8,2,0
194,2018년,특별법범,물환경보전법,물환경보전법,물환경보전법,"1,235",812,3,45,764,0,0,0,0,418,242,172,0,4,5,0,0
195,2018년,특별법범,식품위생법,식품위생법,식품위생법,"8,320","4,998",4,152,"4,842",0,0,0,0,"3,271","1,969","1,142",4,156,43,8,0
196,2018년,특별법범,신용정보의이용및보호에관한법률,신용정보의이용및보호에관한법률,신용정보의이용및보호에관한법률,86,44,0,3,41,0,0,0,0,41,24,17,0,0,1,0,0
197,2018년,특별법범,아동·청소년의성보호에관한법률(성매수등),아동·청소년의성보호에관한법률(성매수등),아동·청소년의성보호에관한법률(성매수등),616,336,86,219,31,77,0,0,0,173,69,96,1,7,30,0,0
198,2018년,특별법범,아동·청소년의성보호에관한법률(음란물등),아동·청소년의성보호에관한법률(음란물등),아동·청소년의성보호에관한법률(음란물등),969,305,35,72,198,60,0,0,0,495,394,94,1,6,108,1,0
199,2018년,특별법범,아동복지법,아동복지법,아동복지법,"4,873",741,60,463,218,32,49,0,"2,384","1,601",576,974,12,39,64,2,0
200,2018년,특별법범,액화석유가스의안전관리및사업법,액화석유가스의안전관리및사업법,액화석유가스의안전관리및사업법,110,58,0,3,55,0,0,0,0,52,24,27,0,1,0,0,0
201,2018년,특별법범,약사법,약사법,약사법,"1,245",561,6,114,441,1,0,0,0,654,335,306,0,13,29,0,0
202,2018년,특별법범,여객자동차운수사업법,여객자동차운수사업법,여객자동차운수사업법,"1,070",649,2,62,585,0,0,0,0,411,106,278,0,27,9,1,0
203,2018년,특별법범,여신전문금융업법,여신전문금융업법,여신전문금융업법,"2,201",786,55,183,548,30,0,0,0,"1,078",505,533,3,37,253,54,0
204,2018년,특별법범,영유아보육법,영유아보육법,영유아보육법,348,166,1,46,119,0,0,0,0,182,80,102,0,0,0,0,0
205,2018년,특별법범,옥외광고물등의관리와옥외광고산업진흥에관한법률,옥외광고물등의관리와옥외광고산업진흥에관한법률,옥외광고물등의관리와옥외광고산업진흥에관한법률,426,261,0,11,250,0,0,0,0,134,61,62,0,11,30,1,0
206,2018년,특별법범,외국환거래법,외국환거래법,외국환거래법,864,662,24,108,530,0,0,0,0,169,77,69,0,23,31,2,0
207,2018년,특별법범,위험물안전관리법,위험물안전관리법,위험물안전관리법,712,459,0,10,449,0,0,0,0,251,179,46,0,26,2,0,0
208,2018년,특별법범,유사수신행위의규제에관한법률,유사수신행위의규제에관한법률,유사수신행위의규제에관한법률,"1,523",723,79,455,189,0,0,0,0,676,91,353,0,232,83,41,0
209,2018년,특별법범,의료기기법,의료기기법,의료기기법,789,358,1,11,346,0,0,0,0,428,271,149,1,7,2,1,0
210,2018년,특별법범,의료법,의료법,의료법,"5,843","2,421",31,270,"2,120",3,0,1,0,"3,251","1,737","1,344",3,167,147,20,0
211,2018년,특별법범,자동차관리법,자동차관리법,자동차관리법,"23,770","8,292",18,211,"8,063",52,0,0,0,"13,445","5,636","5,818",9,"1,982","1,926",55,0
212,2018년,특별법범,자동차손해배상보장법,자동차손해배상보장법,자동차손해배상보장법,"30,532","11,509",2,107,"11,400",114,0,0,0,"14,071","2,256","6,747",0,"5,068","4,759",79,0
213,2018년,특별법범,자본시장과금융투자업에관한법률,자본시장과금융투자업에관한법률,자본시장과금융투자업에관한법률,582,339,70,157,112,0,0,0,0,202,38,110,0,54,34,7,0
214,2018년,특별법범,저작권법,저작권법,저작권법,"11,835","1,077",7,96,974,1,0,0,0,"9,537","1,503","2,117",0,"5,917","1,197",23,0
215,2018년,특별법범,전자금융거래법,전자금융거래법,전자금융거래법,"23,552","9,317",474,"4,468","4,375",57,0,0,0,"13,146","7,755","4,423",1,967,"1,007",25,0
216,2018년,특별법범,전파법,전파법,전파법,688,319,0,3,316,0,0,0,0,366,337,29,0,0,2,1,0
217,2018년,특별법범,정보통신망이용촉진및정보보호등에관한법률,정보통신망이용촉진및정보보호등에관한법률,정보통신망이용촉진및정보보호등에관한법률,"16,242","3,768",85,641,"3,042",142,2,0,0,"9,457","2,928","3,872",81,"2,576","2,845",28,0
218,2018년,특별법범,조세범처벌법,조세범처벌법,조세범처벌법,"3,908","1,648",59,"1,102",487,0,0,0,0,"1,879",444,"1,059",0,376,192,189,0
219,2018년,특별법범,주민등록법,주민등록법,주민등록법,"2,250",460,6,61,393,225,0,0,0,"1,407",874,422,0,111,150,8,0
220,2018년,특별법범,주차장법,주차장법,주차장법,332,195,0,9,186,0,0,0,0,137,49,84,0,4,0,0,0
221,2018년,특별법범,주택법,주택법,주택법,"1,912","1,415",12,46,"1,357",0,0,0,0,487,124,353,3,7,9,1,0
222,2018년,특별법범,직업안정법,직업안정법,직업안정법,551,406,11,77,318,0,0,0,0,126,38,78,0,10,13,6,0
223,2018년,특별법범,집회및시위에관한법률,집회및시위에관한법률,집회및시위에관한법률,360,131,4,57,70,0,0,0,0,219,79,137,1,2,10,0,0
224,2018년,특별법범,청소년보호법,청소년보호법,청소년보호법,"10,237","3,389",3,59,"3,327",132,0,0,0,"6,661","4,207","2,419",0,35,50,5,0
225,2018년,특별법범,총포·도검·화약류등의안전관리에관한법률,총포·도검·화약류등의안전관리에관한법률,총포·도검·화약류등의안전관리에관한법률,442,149,4,14,131,2,0,0,0,281,181,89,2,9,10,0,0
226,2018년,특별법범,최저임금법,최저임금법,최저임금법,440,186,0,8,178,0,0,0,0,243,134,84,0,25,11,0,0
227,2018년,특별법범,축산물위생관리법,축산물위생관리법,축산물위생관리법,729,441,2,20,419,0,0,0,0,287,197,73,0,17,1,0,0
228,2018년,특별법범,출입국관리법,출입국관리법,출입국관리법,"3,687","2,388",106,499,"1,783",0,0,0,0,"1,173",697,222,3,251,120,6,0
229,2018년,특별법범,통신비밀보호법,통신비밀보호법,통신비밀보호법,274,82,5,56,21,0,0,0,0,190,55,133,2,0,2,0,0
230,2018년,특별법범,특가법(도주차량),특가법(도주차량),특가법(도주차량),"3,500","2,057",64,"1,206",787,29,0,0,0,"1,322",245,901,1,175,91,1,0
231,2018년,특별법범,특허법,특허법,특허법,306,15,0,4,11,0,0,0,0,276,5,176,0,95,15,0,0
232,2018년,특별법범,폐기물관리법,폐기물관리법,폐기물관리법,"2,307","1,472",23,241,"1,208",0,0,0,0,761,284,441,0,36,61,13,0
233,2018년,특별법범,풍속영업의규제에관한법률,풍속영업의규제에관한법률,풍속영업의규제에관한법률,217,140,0,12,128,0,0,0,0,77,35,37,0,5,0,0,0
234,2018년,특별법범,하천법,하천법,하천법,280,168,0,21,147,0,0,0,0,111,58,46,0,7,1,0,0
235,2018년,특별법범,학교보건법,학교보건법,학교보건법,3,0,0,0,0,0,0,0,0,3,0,0,0,3,0,0,0
236,2018년,특별법범,학원의설립운영및과외교습에관한법률,학원의설립운영및과외교습에관한법률,학원의설립운영및과외교습에관한법률,533,258,0,4,254,0,0,0,0,275,218,53,0,4,0,0,0
237,2018년,특별법범,예비군법,예비군법,예비군법,"7,482","5,709",6,264,"5,439",0,0,0,0,871,464,287,0,120,902,0,0
238,2018년,특별법범,화물자동차운수사업법,화물자동차운수사업법,화물자동차운수사업법,"3,266","1,944",0,10,"1,934",0,0,0,0,"1,309",683,585,0,41,10,3,0
239,2018년,특별법범,화재로인한재해보상과보험가입에관한법률,화재로인한재해보상과보험가입에관한법률,화재로인한재해보상과보험가입에관한법률,1,0,0,0,0,0,0,0,0,1,0,1,0,0,0,0,0
240,2018년,특별법범,화학물질관리법,화학물질관리법,화학물질관리법,691,445,58,77,310,52,0,0,0,187,135,49,0,3,6,1,0
241,2018년,특별법범,기타특별법,기타특별법,기타특별법,"50,391","30,135",722,"8,050","21,363",121,26,0,25,"18,799","8,430","9,259",29,"1,081","1,144",141,0
